"""
label test query
"""
INSERT INTO "label" ("id", "name") VALUES
(1, '친구'),
(2, '가족'),
(3, '동료'),
(4, '고객'),
(5, '기타');


"""
contact_labels test query
"""
INSERT INTO "contact_labels" ("contact_id", "label_id") VALUES
(1, 1),
(1, 2),
(2, 1),
(2, 3),
(3, 2),
(3, 4),
(4, 3),
(4, 5),
(5, 1),
(5, 2);

"""
contact test query
"""
INSERT INTO "contact" ("profile_url", "name", "email", "phone", "company", "position", "memo", "address", "birthday", "website", "created_at", "updated_at") VALUES
('https://example.com/profile1.jpg', '홍길동', 'a@test.com', '010-1234-5678', '테스트회사', '개발자', '테스트 메모 1', '서울시 강남구', '1990-01-01', 'https://example.com', 'NOW()', 'NOW()'),
('https://example.com/profile2.jpg', '김철수', 'b@test.com', '010-2345-6789', '테스트회사', '디자이너', '테스트 메모 2', '서울시 서초구', '1992-02-02', 'https://example.com', '2023-10-02 12:00:00', 'NOW()'),
('https://example.com/profile3.jpg', '이영희', 'c@test.com', '010-3456-7890', '테스트회사', 'PM', '테스트 메모 3', '서울시 송파구', '1994-03-03', 'https://example.com', '2023-10-03 12:00:00', 'NOW()'),
('https://example.com/profile4.jpg', '박민수', 'park@test.com', '010-4567-8901', '테스트회사', 'QA', '테스트 메모 4', '서울시 용산구', '1996-04-04', 'https://example.com', '2023-10-04 12:00:00', 'NOW()'),
('https://example.com/profile5.jpg', '최지우', 'choi@test.com', '010-5678-9012', '테스트회사', '인턴', '테스트 메모 5', '서울시 마포구', '1998-05-05', 'https://example.com', '2023-10-05 12:00:00', 'NOW()'),
('https://example.com/profile6.jpg', '정우성', '', '010-6789-0123', '테스트회사', 'CTO', '테스트 메모 6', '서울시 중구', '1990-06-06', 'https://example.com', '2023-10-06 12:00:00', 'NOW()'),
('https://example.com/profile7.jpg', '한지민', '', '010-7890-1234', '테스트회사', 'CFO', '테스트 메모 7', '서울시 종로구', '1992-07-07', 'https://example.com', '2023-10-07 12:00:00', 'NOW()'),
('https://example.com/profile8.jpg', '이병헌', '', '010-8901-2345', '테스트회사', 'CMO', '테스트 메모 8', '서울시 강북구', '1994-08-08', 'https://example.com', '2023-10-08 12:00:00', 'NOW()'),
('https://example.com/profile9.jpg', '김태희', '', '010-9012-3456', '테스트회사', 'HRD', '테스트 메모 9', '서울시 강서구', '1996-09-09', 'https://example.com', '2023-10-09 12:00:00', 'NOW()'),
('https://example.com/profile11.jpg', '이준호', '', '010-1234-5678', '테스트회사', '개발자', '테스트 메모 11', '서울시 강남구', '1990-01-01', 'https://example.com', '2023-10-01 12:00:00', 'NOW()'),
('https://example.com/profile12.jpg', '박지민', '', '010-2345-6789', '테스트회사', '디자이너', '테스트 메모 12', '서울시 서초구', '1992-02-02', 'https://example.com', '2023-10-02 12:00:00', 'NOW()'),
('https://example.com/profile21.jpg', '홍길동2', '', '010-1234-5678', '테스트회사2', '개발자2', '테스트 메모 21', '서울시 강남구2', '1990-01-01', 'https://example.com', '2023-10-01 12:00:00', 'NOW()'),
('https://example.com/profile22.jpg', '김철수2', '', '010-2345-6789', '테스트회사2', '디자이너2', '테스트 메모 22', '서울시 서초구2', '1992-02-02', 'https://example.com', '2023-10-02 12:00:00', 'NOW()'),
('https://example.com/profile31.jpg', '홍길동3', '', '010-1234-5678', '테스트회사3', '개발자3', '테스트 메모 31', '서울시 강남구3', '1990-01-01', 'https://example.com', '2023-10-01 12:00:00', 'NOW()'),
('https://example.com/profile32.jpg', '김철수3', '', '010-2345-6789', '테스트회사3', '디자이너3', '테스트 메모 32', '서울시 서초구3', '1992-02-02', 'https://example.com', '2023-10-02 12:00:00', 'NOW()'),
('https://example.com/profile41.jpg', '홍길동4', '', '010-1234-5678', '테스트회사4', '개발자4', '테스트 메모 41', '서울시 강남구4', '1990-01-01', 'https://example.com', '2023-10-01 12:00:00', 'NOW()'),
('https://example.com/profile42.jpg', '김철수4', '', '010-2345-6789', '테스트회사4', '디자이너4', '테스트 메모 42', '서울시 서초구4', '1992-02-02', 'https://example.com', '2023-10-02 12:00:00', 'NOW()'),
('https://example.com/profile51.jpg', '홍길동5', '', '010-1234-5678', '테스트회사5', '개발자5', '테스트 메모 51', '서울시 강남구5', '1990-01-01', 'https://example.com', '2023-10-01 12:00:00', 'NOW()'),
('https://example.com/profile52.jpg', '김철수5', '', '010-2345-6789', '테스트회사5', '디자이너5', '테스트 메모 52', '서울시 서초구5', '1992-02-02', 'https://example.com', '2023-10-02 12:00:00', 'NOW()'),
('https://example.com/profile61.jpg', '홍길동6', '', '010-1234-5678', '테스트회사6', '개발자6', '테스트 메모 61', '서울시 강남구6', '1990-01-01', 'https://example.com', '2023-10-01 12:00:00', 'NOW()'),
('https://example.com/profile62.jpg', '김철수6', '', '010-2345-6789', '테스트회사6', '디자이너6', '테스트 메모 62', '서울시 서초구6', '1992-02-02', 'https://example.com', '2023-10-02 12:00:00', 'NOW()'),
( NULL, '최수정', '', '010-3456-7890', '테스트회사', 'PM', '테스트 메모 13', '서울시 송파구', '1994-03-03', 'https://example.com', '2023-10-03 12:00:00', 'NOW()'),
( NULL, '김영수', '', '010-4567-8901', '테스트회사', 'QA', '테스트 메모 14', '서울시 용산구', '1996-04-04', 'https://example.com', '2023-10-04 12:00:00', 'NOW()'),
( NULL, '이서연', '', '010-5678-9012', '테스트회사', '인턴', '테스트 메모 15', '서울시 마포구', '1998-05-05', 'https://example.com', '2023-10-05 12:00:00', 'NOW()'),
('https://example.com/profile1.jpg', '홍길동', 'a@test.com', '010-1234-5678', '테스트회사', '개발자', '테스트 메모 1', '서울시 강남구', '1990-01-01', 'https://example.com', 'NOW()', 'NOW()'),
('https://example.com/profile2.jpg', '김철수', 'b@test.com', '010-2345-6789', '테스트회사', '디자이너', '테스트 메모 2', '서울시 서초구', '1992-02-02', 'https://example.com', '2023-10-02 12:00:00', 'NOW()'),
('https://example.com/profile3.jpg', '이영희', 'c@test.com', '010-3456-7890', '테스트회사', 'PM', '테스트 메모 3', '서울시 송파구', '1994-03-03', 'https://example.com', '2023-10-03 12:00:00', 'NOW()'),
('https://example.com/profile4.jpg', '박민수', 'park@test.com', '010-4567-8901', '테스트회사', 'QA', '테스트 메모 4', '서울시 용산구', '1996-04-04', 'https://example.com', '2023-10-04 12:00:00', 'NOW()'),
('https://example.com/profile5.jpg', '최지우', 'choi@test.com', '010-5678-9012', '테스트회사', '인턴', '테스트 메모 5', '서울시 마포구', '1998-05-05', 'https://example.com', '2023-10-05 12:00:00', 'NOW()'),
('https://example.com/profile6.jpg', '정우성', '', '010-6789-0123', '테스트회사', 'CTO', '테스트 메모 6', '서울시 중구', '1990-06-06', 'https://example.com', '2023-10-06 12:00:00', 'NOW()'),
('https://example.com/profile7.jpg', '한지민', '', '010-7890-1234', '테스트회사', 'CFO', '테스트 메모 7', '서울시 종로구', '1992-07-07', 'https://example.com', '2023-10-07 12:00:00', 'NOW()'),
('https://example.com/profile8.jpg', '이병헌', '', '010-8901-2345', '테스트회사', 'CMO', '테스트 메모 8', '서울시 강북구', '1994-08-08', 'https://example.com', '2023-10-08 12:00:00', 'NOW()'),
('https://example.com/profile9.jpg', '김태희', '', '010-9012-3456', '테스트회사', 'HRD', '테스트 메모 9', '서울시 강서구', '1996-09-09', 'https://example.com', '2023-10-09 12:00:00', 'NOW()'),
('https://example.com/profile11.jpg', '이준호', '', '010-1234-5678', '테스트회사', '개발자', '테스트 메모 11', '서울시 강남구', '1990-01-01', 'https://example.com', '2023-10-01 12:00:00', 'NOW()'),
('https://example.com/profile12.jpg', '박지민', '', '010-2345-6789', '테스트회사', '디자이너', '테스트 메모 12', '서울시 서초구', '1992-02-02', 'https://example.com', '2023-10-02 12:00:00', 'NOW()'),
('https://example.com/profile21.jpg', '홍길동2', '', '010-1234-5678', '테스트회사2', '개발자2', '테스트 메모 21', '서울시 강남구2', '1990-01-01', 'https://example.com', '2023-10-01 12:00:00', 'NOW()'),
('https://example.com/profile22.jpg', '김철수2', '', '010-2345-6789', '테스트회사2', '디자이너2', '테스트 메모 22', '서울시 서초구2', '1992-02-02', 'https://example.com', '2023-10-02 12:00:00', 'NOW()'),
('https://example.com/profile31.jpg', '홍길동3', '', '010-1234-5678', '테스트회사3', '개발자3', '테스트 메모 31', '서울시 강남구3', '1990-01-01', 'https://example.com', '2023-10-01 12:00:00', 'NOW()'),
('https://example.com/profile32.jpg', '김철수3', '', '010-2345-6789', '테스트회사3', '디자이너3', '테스트 메모 32', '서울시 서초구3', '1992-02-02', 'https://example.com', '2023-10-02 12:00:00', 'NOW()'),
('https://example.com/profile41.jpg', '홍길동4', '', '010-1234-5678', '테스트회사4', '개발자4', '테스트 메모 41', '서울시 강남구4', '1990-01-01', 'https://example.com', '2023-10-01 12:00:00', 'NOW()'),
('https://example.com/profile42.jpg', '김철수4', '', '010-2345-6789', '테스트회사4', '디자이너4', '테스트 메모 42', '서울시 서초구4', '1992-02-02', 'https://example.com', '2023-10-02 12:00:00', 'NOW()'),
('https://example.com/profile51.jpg', '홍길동5', '', '010-1234-5678', '테스트회사5', '개발자5', '테스트 메모 51', '서울시 강남구5', '1990-01-01', 'https://example.com', '2023-10-01 12:00:00', 'NOW()'),
('https://example.com/profile52.jpg', '김철수5', '', '010-2345-6789', '테스트회사5', '디자이너5', '테스트 메모 52', '서울시 서초구5', '1992-02-02', 'https://example.com', '2023-10-02 12:00:00', 'NOW()'),
('https://example.com/profile61.jpg', '홍길동6', '', '010-1234-5678', '테스트회사6', '개발자6', '테스트 메모 61', '서울시 강남구6', '1990-01-01', 'https://example.com', '2023-10-01 12:00:00', 'NOW()'),
('https://example.com/profile62.jpg', '김철수6', '', '010-2345-6789', '테스트회사6', '디자이너6', '테스트 메모 62', '서울시 서초구6', '1992-02-02', 'https://example.com', '2023-10-02 12:00:00', 'NOW()'),
( NULL, '최수정', '', '010-3456-7890', '테스트회사', 'PM', '테스트 메모 13', '서울시 송파구', '1994-03-03', 'https://example.com', '2023-10-03 12:00:00', 'NOW()'),
( NULL, '김영수', '', '010-4567-8901', '테스트회사', 'QA', '테스트 메모 14', '서울시 용산구', '1996-04-04', 'https://example.com', '2023-10-04 12:00:00', 'NOW()'),
( NULL, '이서연', '', '010-5678-9012', '테스트회사', '인턴', '테스트 메모 15', '서울시 마포구', '1998-05-05', 'https://example.com', '2023-10-05 12:00:00', 'NOW()'),
('https://example.com/profile1.jpg', '홍길동', 'a@test.com', '010-1234-5678', '테스트회사', '개발자', '테스트 메모 1', '서울시 강남구', '1990-01-01', 'https://example.com', 'NOW()', 'NOW()'),
('https://example.com/profile2.jpg', '김철수', 'b@test.com', '010-2345-6789', '테스트회사', '디자이너', '테스트 메모 2', '서울시 서초구', '1992-02-02', 'https://example.com', '2023-10-02 12:00:00', 'NOW()'),
('https://example.com/profile3.jpg', '이영희', 'c@test.com', '010-3456-7890', '테스트회사', 'PM', '테스트 메모 3', '서울시 송파구', '1994-03-03', 'https://example.com', '2023-10-03 12:00:00', 'NOW()'),
('https://example.com/profile4.jpg', '박민수', 'park@test.com', '010-4567-8901', '테스트회사', 'QA', '테스트 메모 4', '서울시 용산구', '1996-04-04', 'https://example.com', '2023-10-04 12:00:00', 'NOW()'),
('https://example.com/profile5.jpg', '최지우', 'choi@test.com', '010-5678-9012', '테스트회사', '인턴', '테스트 메모 5', '서울시 마포구', '1998-05-05', 'https://example.com', '2023-10-05 12:00:00', 'NOW()'),
('https://example.com/profile6.jpg', '정우성', '', '010-6789-0123', '테스트회사', 'CTO', '테스트 메모 6', '서울시 중구', '1990-06-06', 'https://example.com', '2023-10-06 12:00:00', 'NOW()'),
('https://example.com/profile7.jpg', '한지민', '', '010-7890-1234', '테스트회사', 'CFO', '테스트 메모 7', '서울시 종로구', '1992-07-07', 'https://example.com', '2023-10-07 12:00:00', 'NOW()'),
('https://example.com/profile8.jpg', '이병헌', '', '010-8901-2345', '테스트회사', 'CMO', '테스트 메모 8', '서울시 강북구', '1994-08-08', 'https://example.com', '2023-10-08 12:00:00', 'NOW()'),
('https://example.com/profile9.jpg', '김태희', '', '010-9012-3456', '테스트회사', 'HRD', '테스트 메모 9', '서울시 강서구', '1996-09-09', 'https://example.com', '2023-10-09 12:00:00', 'NOW()'),
('https://example.com/profile11.jpg', '이준호', '', '010-1234-5678', '테스트회사', '개발자', '테스트 메모 11', '서울시 강남구', '1990-01-01', 'https://example.com', '2023-10-01 12:00:00', 'NOW()'),
('https://example.com/profile12.jpg', '박지민', '', '010-2345-6789', '테스트회사', '디자이너', '테스트 메모 12', '서울시 서초구', '1992-02-02', 'https://example.com', '2023-10-02 12:00:00', 'NOW()'),
('https://example.com/profile21.jpg', '홍길동2', '', '010-1234-5678', '테스트회사2', '개발자2', '테스트 메모 21', '서울시 강남구2', '1990-01-01', 'https://example.com', '2023-10-01 12:00:00', 'NOW()'),
('https://example.com/profile22.jpg', '김철수2', '', '010-2345-6789', '테스트회사2', '디자이너2', '테스트 메모 22', '서울시 서초구2', '1992-02-02', 'https://example.com', '2023-10-02 12:00:00', 'NOW()'),
('https://example.com/profile31.jpg', '홍길동3', '', '010-1234-5678', '테스트회사3', '개발자3', '테스트 메모 31', '서울시 강남구3', '1990-01-01', 'https://example.com', '2023-10-01 12:00:00', 'NOW()'),
('https://example.com/profile32.jpg', '김철수3', '', '010-2345-6789', '테스트회사3', '디자이너3', '테스트 메모 32', '서울시 서초구3', '1992-02-02', 'https://example.com', '2023-10-02 12:00:00', 'NOW()'),
('https://example.com/profile41.jpg', '홍길동4', '', '010-1234-5678', '테스트회사4', '개발자4', '테스트 메모 41', '서울시 강남구4', '1990-01-01', 'https://example.com', '2023-10-01 12:00:00', 'NOW()'),
('https://example.com/profile42.jpg', '김철수4', '', '010-2345-6789', '테스트회사4', '디자이너4', '테스트 메모 42', '서울시 서초구4', '1992-02-02', 'https://example.com', '2023-10-02 12:00:00', 'NOW()'),
('https://example.com/profile51.jpg', '홍길동5', '', '010-1234-5678', '테스트회사5', '개발자5', '테스트 메모 51', '서울시 강남구5', '1990-01-01', 'https://example.com', '2023-10-01 12:00:00', 'NOW()'),
('https://example.com/profile52.jpg', '김철수5', '', '010-2345-6789', '테스트회사5', '디자이너5', '테스트 메모 52', '서울시 서초구5', '1992-02-02', 'https://example.com', '2023-10-02 12:00:00', 'NOW()'),
('https://example.com/profile61.jpg', '홍길동6', '', '010-1234-5678', '테스트회사6', '개발자6', '테스트 메모 61', '서울시 강남구6', '1990-01-01', 'https://example.com', '2023-10-01 12:00:00', 'NOW()'),
('https://example.com/profile62.jpg', '김철수6', '', '010-2345-6789', '테스트회사6', '디자이너6', '테스트 메모 62', '서울시 서초구6', '1992-02-02', 'https://example.com', '2023-10-02 12:00:00', 'NOW()'),
( NULL, '최수정', '', '010-3456-7890', '테스트회사', 'PM', '테스트 메모 13', '서울시 송파구', '1994-03-03', 'https://example.com', '2023-10-03 12:00:00', 'NOW()'),
( NULL, '김영수', '', '010-4567-8901', '테스트회사', 'QA', '테스트 메모 14', '서울시 용산구', '1996-04-04', 'https://example.com', '2023-10-04 12:00:00', 'NOW()'),
( NULL, '이서연', '', '010-5678-9012', '테스트회사', '인턴', '테스트 메모 15', '서울시 마포구', '1998-05-05', 'https://example.com', '2023-10-05 12:00:00', 'NOW()');

